stream_id,stream_name,priority_class,single_instance_wcd_us,fixed_point_wcd_us
0,Stream0,CLASS_A,603.200000,603.200000
1,Stream1,CLASS_A,603.200000,603.200000
2,Stream2,CLASS_A,632.800000,632.800000
3,Stream3,CLASS_A,632.800000,632.800000
4,Stream4,CLASS_B,884.480000,884.480000
5,Stream5,CLASS_B,884.480000,884.480000
6,Stream6,CLASS_B,808.000000,808.000000
7,Stream7,CLASS_B,808.000000,808.000000
